number,gps
1,"[40.36043581976105, -74.59656142995496]"
